{
    "codename": "d_opencart_patch",
    "version": "2.0.7",
    "name": "Opencart Patch for 2.3.0.x",
    "description": "Adds support for new Extension Module folder",
    "readme": "system/library/d_shopunity/readme/d_opencart_patch.md",
    "author": {
        "name": "Shopunity",
        "email": "info@shopunity.com",
        "url": "https://shopunity.net/"
    },
    "opencart_version": [
        "2.3.0.0",
        "2.3.0.1",
        "2.3.0.2"
    ],
    "type": "library",
    "license": {
        "type": "free",
        "url": "https://shopunity.net/licenses/free"
    },
    "install": {
        "url": "extension/d_shopunity/modification/install&codename=d_opencart_patch",
        "xml": "system/library/d_shopunity/install/d_opencart_patch.xml"
    },
    "uninstall": {
       "url": "extension/d_shopunity/modification/uninstall&codename=d_opencart_patch"
    },
    "support": {
        "email": "support@shopunity.com",
        "url": "https://shopunity.net/"
    },
    "files": [
        "system/library/d_shopunity/extension/d_opencart_patch.json",
        "system/library/d_shopunity/install/d_opencart_patch.xml",
        "system/library/d_shopunity/readme/d_opencart_patch.md"
    ],
    "dirs": [
        "admin/model/extension/d_opencart_patch",
        "catalog/model/extension/d_opencart_patch"
    ],
    "changelog": [
        {
            "version":"2.0.7",
            "change": "Model/extension bugfix"
        },
        {
            "version":"2.0.6",
            "change": "Updated url and load models"
        },
        {
            "version":"2.0.5",
            "change": "Added url->ajax model"
        },
        {
            "version":"2.0.4",
            "change": "Added Url model"
        },
        {
            "version":"2.0.3",
            "change": "Hotfix. fix conflict with thrid-party Modification."
        },
        {
            "version":"2.0.2",
            "change": "Bug fixes"
        },
        {
            "version":"2.0.1",
            "change": "Added user token"
        },
        {
            "version":"2.0.0",
            "change": "Initial release"
        }
    ]
}
