{
    "codename": "d_twig",
    "version": "1.29.1",
    "name": "Twig Library",
    "description": "Twig - templating engine",
    "readme": "system/library/d_shopunity/readme/d_twig.md",
    "author": {
        "name": "Shopunity",
        "email": "info@shopunity.com",
        "url": "https://shopunity.net/"
    },
    "opencart_version": [
        "2.0.0.0",
        "2.0.1.0",
        "2.0.1.1",
        "2.0.2.0",
        "2.0.3.1",
        "2.1.0.1",
        "2.1.0.2",
        "2.2.0.0",
        "2.3.0.0",
        "2.3.0.1",
        "2.3.0.2"
    ],
    "type": "library",
    "license": {
        "type": "free",
        "url": "https://shopunity.net/licenses/free"
    },
    "support": {
        "email": "support@shopunity.com",
        "url": "https://shopunity.net/"
    },
    "files": [
        "system/library/d_shopunity/extension/d_twig.json",
        "system/library/d_shopunity/readme/d_twig.md",
        "system/library/template/twig.php"
    ],
    "dirs":[
        "system/library/template/Twig"
    ],
    "changelog": [
        {
            "varsion":"1.29.1",
            "change": "New structure"
        },
        {
            "varsion":"1.29.0",
            "change": "First release"
        }
    ]
}